ticker,company_name,sub_industry,driver_name,driver_weight,product_name,driver_direction,driver_share,exposure_type,report_year,report_date,review_status,proposed_capacity,proposed_capacity_unit,raw_capacity_text,confidence,confidence_score,candidate_type,matched_alias,has_capacity_term,distance_to_product,delimiter_count,evidence_page,candidate_context,source_type,source_url,source_announcement_url,source_pdf_file,announcement_title,announcement_id,review_decision,final_capacity,final_capacity_unit,review_note
000422.SZ,湖北宜化,煤化工,PVC,0.35,PVC,1,1.0,product_price,2025,2026-04-25,proposed_accept,90.0,万吨/年,90万吨/年,high,82.0,company_capacity,PVC,False,0.0,0.0,11.0,"化工、煤炭等产品的生产和销售，已形成完整的化工上下游产业链，主要产品产能包括尿素216万吨/年、磷铵165万吨/年、复合肥70万吨/年，烧碱94万吨/年、PVC90万吨/年、季戊四醇7万吨/年、煤炭3,000万吨/年，主要产品的产能均位于行业前列。（二）主要产品及用途公司主要从事尿素、磷铵、复合肥等化肥产品，聚氯乙烯等氯碱化工产品",cninfo_annual_report,http://static.cninfo.com.cn/finalpage/2026-04-25/1225183616.PDF,http://www.cninfo.com.cn/new/disclosure/detail?stockCode=000422&announcementId=1225183616&orgId=gssz0000422&announcementTime=2026-04-25,000422.SZ_湖北宜化_2026-04-25_1225183616_2025年年度报告.pdf,2025年年度报告,1225183616,,,,
000422.SZ,湖北宜化,煤化工,尿素,0.35,尿素,1,1.0,product_price,2025,2026-04-25,proposed_accept,216.0,万吨/年,216万吨/年,high,100.0,company_capacity,尿素,True,0.0,0.0,11.0,"—行业信息披露》中固体矿产资源业的披露要求（一）公司主营业务公司主营业务为化肥、化工、煤炭等产品的生产和销售，已形成完整的化工上下游产业链，主要产品产能包括尿素216万吨/年、磷铵165万吨/年、复合肥70万吨/年，烧碱94万吨/年、PVC90万吨/年、季戊四醇7万吨/年、煤炭3,000万吨/年，主要产品的产能均位于行业前列。（二）",cninfo_annual_report,http://static.cninfo.com.cn/finalpage/2026-04-25/1225183616.PDF,http://www.cninfo.com.cn/new/disclosure/detail?stockCode=000422&announcementId=1225183616&orgId=gssz0000422&announcementTime=2026-04-25,000422.SZ_湖北宜化_2026-04-25_1225183616_2025年年度报告.pdf,2025年年度报告,1225183616,,,,
000422.SZ,湖北宜化,煤化工,烧碱,0.3,烧碱,1,1.0,product_price,2025,2026-04-25,proposed_accept,94.0,万吨/年,94万吨/年,high,82.0,company_capacity,烧碱,False,0.0,0.0,11.0,"公司主营业务为化肥、化工、煤炭等产品的生产和销售，已形成完整的化工上下游产业链，主要产品产能包括尿素216万吨/年、磷铵165万吨/年、复合肥70万吨/年，烧碱94万吨/年、PVC90万吨/年、季戊四醇7万吨/年、煤炭3,000万吨/年，主要产品的产能均位于行业前列。（二）主要产品及用途公司主要从事尿素、磷铵、复合肥等化肥产品，聚",cninfo_annual_report,http://static.cninfo.com.cn/finalpage/2026-04-25/1225183616.PDF,http://www.cninfo.com.cn/new/disclosure/detail?stockCode=000422&announcementId=1225183616&orgId=gssz0000422&announcementTime=2026-04-25,000422.SZ_湖北宜化_2026-04-25_1225183616_2025年年度报告.pdf,2025年年度报告,1225183616,,,,
000830.SZ,鲁西化工,煤化工,双氧水,0.2,双氧水,1,1.0,product_price,2025,2026-04-29,needs_review_non_company_capacity,15.0,万吨/年,15万吨/年,low,16.0,project_or_change_capacity,双氧水,False,32.0,0.0,156.0,",775,519,470.461,775,519,470.4624万吨/年乙烯下游一体化项目（二期305,632,899.56305,632,899.56工程）15万吨/年丙酸项目232,673,896.90232,673,896.90双氧水装置安全整207,530,458.97207,530,458.97改项目其他项目786,4",cninfo_annual_report,http://static.cninfo.com.cn/finalpage/2026-04-29/1225240339.PDF,http://www.cninfo.com.cn/new/disclosure/detail?stockCode=000830&announcementId=1225240339&orgId=gssz0000830&announcementTime=2026-04-29,000830.SZ_鲁西化工_2026-04-29_1225240339_2025年年度报告.pdf,2025年年度报告,1225240339,,,,
000830.SZ,鲁西化工,煤化工,尿素,0.3,尿素,1,1.0,product_price,2025,2026-04-29,missing_candidate,,万吨/年,,,,,,,,,,,cninfo_annual_report,http://static.cninfo.com.cn/finalpage/2026-04-29/1225240339.PDF,http://www.cninfo.com.cn/new/disclosure/detail?stockCode=000830&announcementId=1225240339&orgId=gssz0000830&announcementTime=2026-04-29,000830.SZ_鲁西化工_2026-04-29_1225240339_2025年年度报告.pdf,2025年年度报告,1225240339,,,,
000830.SZ,鲁西化工,煤化工,己内酰胺,0.3,己内酰胺,1,1.0,product_price,2025,2026-04-29,missing_candidate,,万吨/年,,,,,,,,,,,cninfo_annual_report,http://static.cninfo.com.cn/finalpage/2026-04-29/1225240339.PDF,http://www.cninfo.com.cn/new/disclosure/detail?stockCode=000830&announcementId=1225240339&orgId=gssz0000830&announcementTime=2026-04-29,000830.SZ_鲁西化工_2026-04-29_1225240339_2025年年度报告.pdf,2025年年度报告,1225240339,,,,
000830.SZ,鲁西化工,煤化工,甲醇,0.2,甲醇,1,1.0,product_price,2025,2026-04-29,needs_review_non_company_capacity,15.0,万吨/年,15万吨/年,low,0.0,project_or_change_capacity,甲醇,False,21.0,3.0,21.0,每日分析产耗、成本及盈利，对比计划、历史较好水平找差距，及时优化调整，努力挖潜，实施非常规举措。强化项目全过程管理，24万吨/年乙烯下游一体化项目（二期工程）、15万吨/年丙酸项目建成投产，取得较好效益，硫磺制酸、甲醇洗装置酸性气资源化利用等重点项目开工建设。聚焦材料产品高端领域应用，稳定生产运行、技术改造升级提升内在质量，抢占市,cninfo_annual_report,http://static.cninfo.com.cn/finalpage/2026-04-29/1225240339.PDF,http://www.cninfo.com.cn/new/disclosure/detail?stockCode=000830&announcementId=1225240339&orgId=gssz0000830&announcementTime=2026-04-29,000830.SZ_鲁西化工_2026-04-29_1225240339_2025年年度报告.pdf,2025年年度报告,1225240339,,,,
002092.SZ,中泰化学,氯碱,PVC,0.6,PVC,1,1.0,product_price,2025,2026-03-26,proposed_accept,260.0,万吨/年,260万吨/年,high,100.0,company_capacity,聚氯乙烯,True,2.0,0.0,15.0,点实验室1个。业过硬的成熟团队，为公司技术创新突破、高质量长远发展筑牢坚实人才根基。主要产品的产能情况主要产品设计产能产能利用率在建产能投资建设情况聚氯乙烯树脂260万吨/年98.00%无无离子膜烧碱186万吨/年95.00%无无粘胶纤维88万吨/年61.75%无无粘胶纱线320万锭/年86.92%无无甲醇100万吨/年89.76%,cninfo_annual_report,http://static.cninfo.com.cn/finalpage/2026-03-26/1225032750.PDF,http://www.cninfo.com.cn/new/disclosure/detail?stockCode=002092&announcementId=1225032750&orgId=9900001463&announcementTime=2026-03-26,002092.SZ_中泰化学_2026-03-26_1225032750_2025年年度报告.pdf,2025年年度报告,1225032750,,,,
002092.SZ,中泰化学,氯碱,烧碱,0.4,烧碱,1,1.0,product_price,2025,2026-03-26,proposed_accept,186.0,万吨/年,186万吨/年,high,86.0,company_capacity,烧碱,False,0.0,0.0,15.0,术创新突破、高质量长远发展筑牢坚实人才根基。主要产品的产能情况主要产品设计产能产能利用率在建产能投资建设情况聚氯乙烯树脂260万吨/年98.00%无无离子膜烧碱186万吨/年95.00%无无粘胶纤维88万吨/年61.75%无无粘胶纱线320万锭/年86.92%无无甲醇100万吨/年89.76%无无甲醇于2025年6月已全面投产，产能,cninfo_annual_report,http://static.cninfo.com.cn/finalpage/2026-03-26/1225032750.PDF,http://www.cninfo.com.cn/new/disclosure/detail?stockCode=002092&announcementId=1225032750&orgId=9900001463&announcementTime=2026-03-26,002092.SZ_中泰化学_2026-03-26_1225032750_2025年年度报告.pdf,2025年年度报告,1225032750,,,,
002145.SZ,中核钛白,钛白粉,钛白粉,0.8,钛白粉,1,1.0,product_price,2025,2026-04-29,proposed_accept,70.0,万吨/年,70万吨/年,high,100.0,company_capacity,钛白粉,True,43.0,0.0,14.0,员工钛白粉盐处理技术国内领先钛白粉大批量生产均为本公司在职员工硫酸法钛白粉生产技术国内领先主要产品的产能情况主要产品设计产能产能利用率在建产能投资建设情况钛白粉70万吨/年71.28%--磷酸铁10万吨/年41.09%--磷矿石50万吨/年90.61%--黄磷12万吨/年30.09%--主要化工园区的产品种类情况主要化工园区产品种,cninfo_annual_report,http://static.cninfo.com.cn/finalpage/2026-04-29/1225225963.PDF,http://www.cninfo.com.cn/new/disclosure/detail?stockCode=002145&announcementId=1225225963&orgId=9900003342&announcementTime=2026-04-29,002145.SZ_中核钛白_2026-04-29_1225225963_2025年年度报告.pdf,2025年年度报告,1225225963,,,,
002145.SZ,中核钛白,钛白粉,钛精矿,0.2,钛精矿,1,1.0,product_price,2025,2026-04-29,missing_candidate,,万吨/年,,,,,,,,,,,cninfo_annual_report,http://static.cninfo.com.cn/finalpage/2026-04-29/1225225963.PDF,http://www.cninfo.com.cn/new/disclosure/detail?stockCode=002145&announcementId=1225225963&orgId=9900003342&announcementTime=2026-04-29,002145.SZ_中核钛白_2026-04-29_1225225963_2025年年度报告.pdf,2025年年度报告,1225225963,,,,
002258.SZ,利尔化学,农药,吡啶,0.2,吡啶,1,1.0,product_price,2025,2026-03-28,missing_candidate,,万吨/年,,,,,,,,,,,cninfo_annual_report,http://static.cninfo.com.cn/finalpage/2026-03-28/1225039540.PDF,http://www.cninfo.com.cn/new/disclosure/detail?stockCode=002258&announcementId=1225039540&orgId=9900004975&announcementTime=2026-03-28,002258.SZ_利尔化学_2026-03-28_1225039540_2025年年度报告.pdf,2025年年度报告,1225039540,,,,
002258.SZ,利尔化学,农药,草甘膦,0.3,草甘膦,1,1.0,product_price,2025,2026-03-28,missing_candidate,,万吨/年,,,,,,,,,,,cninfo_annual_report,http://static.cninfo.com.cn/finalpage/2026-03-28/1225039540.PDF,http://www.cninfo.com.cn/new/disclosure/detail?stockCode=002258&announcementId=1225039540&orgId=9900004975&announcementTime=2026-03-28,002258.SZ_利尔化学_2026-03-28_1225039540_2025年年度报告.pdf,2025年年度报告,1225039540,,,,
002258.SZ,利尔化学,农药,草铵膦,0.5,草铵膦,1,1.0,product_price,2025,2026-03-28,missing_candidate,,万吨/年,,,,,,,,,,,cninfo_annual_report,http://static.cninfo.com.cn/finalpage/2026-03-28/1225039540.PDF,http://www.cninfo.com.cn/new/disclosure/detail?stockCode=002258&announcementId=1225039540&orgId=9900004975&announcementTime=2026-03-28,002258.SZ_利尔化学_2026-03-28_1225039540_2025年年度报告.pdf,2025年年度报告,1225039540,,,,
002601.SZ,龙佰集团,钛白粉,钛白粉,0.7,钛白粉,1,1.0,product_price,2025,2026-04-28,proposed_accept,151.0,万吨/年,151万吨/年,high,100.0,company_capacity,钛白粉,True,0.0,0.0,18.0,酸铁锂废料回用技术国内先进石墨负极大批量生产均为本公司在职员工石墨负极材料生产技术国内先进主要产品的产能情况主要产品设计产能产能利用率在建产能投资建设情况钛白粉151万吨/年84.53%--海绵钛8万吨/年89.11%--年产20万吨电池材料级磷酸铁项目三期(10磷酸铁10万吨/年86.23%10万吨/年万吨)厂房及土建基本完工，目,cninfo_annual_report,http://static.cninfo.com.cn/finalpage/2026-04-28/1225206979.PDF,http://www.cninfo.com.cn/new/disclosure/detail?stockCode=002601&announcementId=1225206979&orgId=9900020849&announcementTime=2026-04-28,002601.SZ_龙佰集团_2026-04-28_1225206979_2025年年度报告.pdf,2025年年度报告,1225206979,,,,
002601.SZ,龙佰集团,钛白粉,钛精矿,0.3,钛精矿,1,1.0,product_price,2025,2026-04-28,needs_review_non_company_capacity,144.78,万吨/年,144.78万吨,low,19.0,production_or_sales,钛精矿,False,0.0,0.0,32.0,铁精矿293.83万吨，同比减少2.13%；生产钛精矿144.78万吨，同比减少3.03%，全部内部使用；生产磷酸铁9.76万吨，比去年同期增加72.17%，销售磷酸铁9.60万吨，比去年同期增加58.93%。2、钛白粉行业供给宽,cninfo_annual_report,http://static.cninfo.com.cn/finalpage/2026-04-28/1225206979.PDF,http://www.cninfo.com.cn/new/disclosure/detail?stockCode=002601&announcementId=1225206979&orgId=9900020849&announcementTime=2026-04-28,002601.SZ_龙佰集团_2026-04-28_1225206979_2025年年度报告.pdf,2025年年度报告,1225206979,,,,
600096.SH,云天化,磷化工,尿素,0.3,尿素,1,1.0,product_price,2025,2026-03-24,proposed_accept,290.0,万吨/年,290万吨/年,high,94.0,company_capacity,尿素,True,7.0,0.0,9.0,场占有率排名前列。“三环”“金富瑞”等磷肥产品为全国知名品牌，产品质量稳定，服务优质，多年来深受广大用户青睐，长期具有较好的品牌溢价能力。2.尿素公司尿素产能超290万吨/年，分别布局在云南120万吨/年，内蒙古112万吨/年，青海60万吨/年。由于尿素行业集中度不高,cninfo_annual_report,http://static.cninfo.com.cn/finalpage/2026-03-24/1225025863.PDF,http://www.cninfo.com.cn/new/disclosure/detail?stockCode=600096&announcementId=1225025863&orgId=gssh0600096&announcementTime=2026-03-24,600096.SH_云天化_2026-03-24_1225025863_云天化2025年年度报告.pdf,云天化2025年年度报告,1225025863,,,,
600096.SH,云天化,磷化工,磷酸二铵,0.4,磷酸二铵,1,1.0,product_price,2025,2026-03-24,needs_review_non_company_capacity,463.88,万吨/年,463.88万吨,low,35.0,industry_context,磷酸二铵,True,5.0,0.0,13.0,国内磷肥价格年底略有上涨。国际市场受磷肥贸易量减少、区域冲突、硫磺价格上涨等因素影响，国际市场价格维持高位波动。报告期内，子公司生产磷酸一铵、磷酸二铵等各类磷肥463.88万吨。3.尿素产能快速增加，价格持续低位运行氮肥主要包括尿素、硫酸铵、氯化铵等产品，其中尿素约占氮肥市场67%，是我国使用量最大的氮肥品种，我国也是世界第一大尿素生,cninfo_annual_report,http://static.cninfo.com.cn/finalpage/2026-03-24/1225025863.PDF,http://www.cninfo.com.cn/new/disclosure/detail?stockCode=600096&announcementId=1225025863&orgId=gssh0600096&announcementTime=2026-03-24,600096.SH_云天化_2026-03-24_1225025863_云天化2025年年度报告.pdf,云天化2025年年度报告,1225025863,,,,
600096.SH,云天化,磷化工,黄磷,0.3,黄磷,1,1.0,product_price,2025,2026-03-24,needs_review_non_company_capacity,3.05,万吨/年,3.05万吨,low,0.0,production_or_sales,黄磷,False,18.0,1.0,15.0,价格呈现明显波动；下半年，下游企业开工稳定，黄磷价格整体呈现先涨后稳走势，价格波动收窄。2024-2025年我国四川市场黄磷市场均价趋势报告期内，子公司生产黄磷3.05万吨。3.磷酸铁市场需求增长,cninfo_annual_report,http://static.cninfo.com.cn/finalpage/2026-03-24/1225025863.PDF,http://www.cninfo.com.cn/new/disclosure/detail?stockCode=600096&announcementId=1225025863&orgId=gssh0600096&announcementTime=2026-03-24,600096.SH_云天化_2026-03-24_1225025863_云天化2025年年度报告.pdf,云天化2025年年度报告,1225025863,,,,
600141.SH,兴发集团,磷化工,磷酸一铵,0.3,磷酸一铵,1,1.0,product_price,2025,2026-04-04,needs_review_non_company_capacity,4000.0,万吨/年,4000万吨,low,29.0,industry_context,磷酸一铵,True,7.0,1.0,11.0,"在短时间内持续拉涨，12月末涨至1.36万元/吨。5.肥料磷肥属于农作物的基础用肥之一，其中磷酸二铵对磷矿资源依赖性强，产业集中度高。国内磷酸一铵、二铵产能超过4,000万吨，约占全球产能的一半，生产企业主要集中在“云贵川鄂”等磷矿资源聚集区。公司全资子公司宜都兴发现有磷铵产能100万吨/年，配套湿法磷酸（折百）产能68万吨/年、精",cninfo_annual_report,http://static.cninfo.com.cn/finalpage/2026-04-04/1225080143.PDF,http://www.cninfo.com.cn/new/disclosure/detail?stockCode=600141&announcementId=1225080143&orgId=gssh0600141&announcementTime=2026-04-04,600141.SH_兴发集团_2026-04-04_1225080143_湖北兴发化工集团股份有限公司2025年年度报告.pdf,湖北兴发化工集团股份有限公司2025年年度报告,1225080143,,,,
600141.SH,兴发集团,磷化工,草甘膦,0.3,草甘膦,1,1.0,product_price,2025,2026-04-04,needs_review_non_company_capacity,1.5,万吨/年,1.5万吨,low,24.0,project_or_change_capacity,草甘膦,False,1.0,0.0,137.0,".07湖北泰盛1.5万吨年草甘膦铵20,340,98420,340,984.1,456,3101,456,31盐粒剂扩建项目.4343.680.68内蒙兴发有机硅新材料一体218,24",cninfo_annual_report,http://static.cninfo.com.cn/finalpage/2026-04-04/1225080143.PDF,http://www.cninfo.com.cn/new/disclosure/detail?stockCode=600141&announcementId=1225080143&orgId=gssh0600141&announcementTime=2026-04-04,600141.SH_兴发集团_2026-04-04_1225080143_湖北兴发化工集团股份有限公司2025年年度报告.pdf,湖北兴发化工集团股份有限公司2025年年度报告,1225080143,,,,
600141.SH,兴发集团,磷化工,黄磷,0.4,黄磷,1,1.0,product_price,2025,2026-04-04,needs_review_non_company_capacity,5.3,万吨/年,5.3万吨/年,low,24.0,project_or_change_capacity,黄磷,False,0.0,0.0,138.0,"湖北兴发化工集团股份有限公司2025年年度报告湖北吉星5.3万吨/年黄磷技23,711,46823,711,468.110,820,3110,820,术升级改造项目.494980.54380.54湖北吉星1万吨/年五硫化二26,",cninfo_annual_report,http://static.cninfo.com.cn/finalpage/2026-04-04/1225080143.PDF,http://www.cninfo.com.cn/new/disclosure/detail?stockCode=600141&announcementId=1225080143&orgId=gssh0600141&announcementTime=2026-04-04,600141.SH_兴发集团_2026-04-04_1225080143_湖北兴发化工集团股份有限公司2025年年度报告.pdf,湖北兴发化工集团股份有限公司2025年年度报告,1225080143,,,,
600160.SH,巨化股份,氟化工,R125,0.3,R125,1,1.0,product_price,2025,2026-04-23,missing_candidate,,万吨/年,,,,,,,,,,,cninfo_annual_report,http://static.cninfo.com.cn/finalpage/2026-04-23/1225147997.PDF,http://www.cninfo.com.cn/new/disclosure/detail?stockCode=600160&announcementId=1225147997&orgId=gssh0600160&announcementTime=2026-04-23,600160.SH_巨化股份_2026-04-23_1225147997_巨化股份2025年年度报告.pdf,巨化股份2025年年度报告,1225147997,,,,
600160.SH,巨化股份,氟化工,R134a,0.3,R134a,1,1.0,product_price,2025,2026-04-23,missing_candidate,,万吨/年,,,,,,,,,,,cninfo_annual_report,http://static.cninfo.com.cn/finalpage/2026-04-23/1225147997.PDF,http://www.cninfo.com.cn/new/disclosure/detail?stockCode=600160&announcementId=1225147997&orgId=gssh0600160&announcementTime=2026-04-23,600160.SH_巨化股份_2026-04-23_1225147997_巨化股份2025年年度报告.pdf,巨化股份2025年年度报告,1225147997,,,,
600160.SH,巨化股份,氟化工,R32,0.4,R32,1,1.0,product_price,2025,2026-04-23,needs_review_low_confidence,2488.11,万吨/年,2488.11万吨,low,50.0,company_capacity,R32,False,46.0,0.0,87.0,。(5).产能与开工情况√适用□不适用单位：万元币种：人民币产能利用率在建产能已在建产能预计主要厂区或项目设计产能在建产能（%）投资额完工时间氟化工原料128.2488.11万吨制冷剂84.08万68.966190t/aR1234yf31002026二季度吨30kt/aR3229672026一季度含氟聚合物材,cninfo_annual_report,http://static.cninfo.com.cn/finalpage/2026-04-23/1225147997.PDF,http://www.cninfo.com.cn/new/disclosure/detail?stockCode=600160&announcementId=1225147997&orgId=gssh0600160&announcementTime=2026-04-23,600160.SH_巨化股份_2026-04-23_1225147997_巨化股份2025年年度报告.pdf,巨化股份2025年年度报告,1225147997,,,,
600309.SH,万华化学,聚氨酯,MDI,0.6,MDI,1,1.0,product_price,2025,2026-04-21,proposed_accept,380.0,万吨/年,380万吨/年,high,98.0,company_capacity,MDI,True,2.0,0.0,28.0,万华化学集团股份有限公司2025年年度报告(5).产能与开工情况√适用□不适用产能利用主要厂区或项目设计产能率（%）759万吨/年（包括MDI项目380万吨/年、TDI聚氨酯项目产能85项目147万吨/年、聚醚项目232万吨/年）烟台工业园PO/AE一体化项目279万吨/年98烟台工业园聚氨酯产业链一体468万吨/年8,cninfo_annual_report,http://static.cninfo.com.cn/finalpage/2026-04-21/1225130793.PDF,http://www.cninfo.com.cn/new/disclosure/detail?stockCode=600309&announcementId=1225130793&orgId=gssh0600309&announcementTime=2026-04-21,600309.SH_万华化学_2026-04-21_1225130793_万华化学2025年年度报告.pdf,万华化学2025年年度报告,1225130793,,,,
600309.SH,万华化学,聚氨酯,TDI,0.2,TDI,1,1.0,product_price,2025,2026-04-21,proposed_accept,147.0,万吨/年,147万吨/年,high,98.0,company_capacity,TDI,True,11.0,0.0,28.0,5年年度报告(5).产能与开工情况√适用□不适用产能利用主要厂区或项目设计产能率（%）759万吨/年（包括MDI项目380万吨/年、TDI聚氨酯项目产能85项目147万吨/年、聚醚项目232万吨/年）烟台工业园PO/AE一体化项目279万吨/年98烟台工业园聚氨酯产业链一体468万吨/年87化—乙烯项目烟台工业园PC项目60万吨/年,cninfo_annual_report,http://static.cninfo.com.cn/finalpage/2026-04-21/1225130793.PDF,http://www.cninfo.com.cn/new/disclosure/detail?stockCode=600309&announcementId=1225130793&orgId=gssh0600309&announcementTime=2026-04-21,600309.SH_万华化学_2026-04-21_1225130793_万华化学2025年年度报告.pdf,万华化学2025年年度报告,1225130793,,,,
600309.SH,万华化学,聚氨酯,苯胺,0.2,苯胺,1,1.0,product_price,2025,2026-04-21,missing_candidate,,万吨/年,,,,,,,,,,,cninfo_annual_report,http://static.cninfo.com.cn/finalpage/2026-04-21/1225130793.PDF,http://www.cninfo.com.cn/new/disclosure/detail?stockCode=600309&announcementId=1225130793&orgId=gssh0600309&announcementTime=2026-04-21,600309.SH_万华化学_2026-04-21_1225130793_万华化学2025年年度报告.pdf,万华化学2025年年度报告,1225130793,,,,
600426.SH,华鲁恒升,煤化工,DMF,0.3,DMF,1,1.0,product_price,2025,2026-03-31,needs_review_non_company_capacity,180.0,万吨/年,180万吨,low,2.0,industry_context,DMF,True,39.0,4.0,24.0,农药及其他行业需求预计有所缩减，医药行业需求增加明显，尤其是多肽类医药对合成DMF需求增加明显，出口量亦有所提升，整体国内需求有所增加。报告期内，DMF国内产能180万吨，产量81万吨，开工率45%，下游需求虽一定程度增长，但供需失衡局面未得到有效缓解。从全年价格走势分析，价格呈震荡下行走势。报告期内，DMF作为公司成熟的产品，,cninfo_annual_report,http://static.cninfo.com.cn/finalpage/2026-03-31/1225051474.PDF,http://www.cninfo.com.cn/new/disclosure/detail?stockCode=600426&announcementId=1225051474&orgId=gssh0600426&announcementTime=2026-03-31,600426.SH_华鲁恒升_2026-03-31_1225051474_华鲁恒升2025年年度报告.pdf,华鲁恒升2025年年度报告,1225051474,,,,
600426.SH,华鲁恒升,煤化工,尿素,0.4,尿素,1,1.0,product_price,2025,2026-03-31,missing_candidate,,万吨/年,,,,,,,,,,,cninfo_annual_report,http://static.cninfo.com.cn/finalpage/2026-03-31/1225051474.PDF,http://www.cninfo.com.cn/new/disclosure/detail?stockCode=600426&announcementId=1225051474&orgId=gssh0600426&announcementTime=2026-03-31,600426.SH_华鲁恒升_2026-03-31_1225051474_华鲁恒升2025年年度报告.pdf,华鲁恒升2025年年度报告,1225051474,,,,
600426.SH,华鲁恒升,煤化工,醋酸,0.3,醋酸,1,1.0,product_price,2025,2026-03-31,missing_candidate,,万吨/年,,,,,,,,,,,cninfo_annual_report,http://static.cninfo.com.cn/finalpage/2026-03-31/1225051474.PDF,http://www.cninfo.com.cn/new/disclosure/detail?stockCode=600426&announcementId=1225051474&orgId=gssh0600426&announcementTime=2026-03-31,600426.SH_华鲁恒升_2026-03-31_1225051474_华鲁恒升2025年年度报告.pdf,华鲁恒升2025年年度报告,1225051474,,,,
600486.SH,扬农化工,农药,草甘膦,0.4,草甘膦,1,1.0,product_price,2025,2026-03-31,proposed_accept,3.0,万吨/年,30000吨/年,high,99.0,company_capacity,草甘膦,True,0.0,0.0,24.0,"25年年度报告(5).产能与开工情况√适用□不适用单位：万元币种：人民币产能利用率在建产能已在建产能预主要厂区或项目设计产能在建产能（%）投资额计完工时间草甘膦30,000吨/年100功夫菊酯8,500吨/年100三唑类杀菌剂8,500吨/年100生产能力的增减情况√适用□不适用报告期内，辽宁优创一期项目多个品种已拿出合格产品，",cninfo_annual_report,http://static.cninfo.com.cn/finalpage/2026-03-31/1225056792.PDF,http://www.cninfo.com.cn/new/disclosure/detail?stockCode=600486&announcementId=1225056792&orgId=gssh0600486&announcementTime=2026-03-31,600486.SH_扬农化工_2026-03-31_1225056792_2025年年度报告.pdf,2025年年度报告,1225056792,,,,
600486.SH,扬农化工,农药,菊酯,0.3,菊酯,1,1.0,product_price,2025,2026-03-31,proposed_accept,0.85,万吨/年,8500吨/年,medium,69.0,company_capacity,菊酯,False,0.0,0.0,24.0,"情况√适用□不适用单位：万元币种：人民币产能利用率在建产能已在建产能预主要厂区或项目设计产能在建产能（%）投资额计完工时间草甘膦30,000吨/年100功夫菊酯8,500吨/年100三唑类杀菌剂8,500吨/年100生产能力的增减情况√适用□不适用报告期内，辽宁优创一期项目多个品种已拿出合格产品，",cninfo_annual_report,http://static.cninfo.com.cn/finalpage/2026-03-31/1225056792.PDF,http://www.cninfo.com.cn/new/disclosure/detail?stockCode=600486&announcementId=1225056792&orgId=gssh0600486&announcementTime=2026-03-31,600486.SH_扬农化工_2026-03-31_1225056792_2025年年度报告.pdf,2025年年度报告,1225056792,,,,
600486.SH,扬农化工,农药,麦草畏,0.3,麦草畏,1,1.0,product_price,2025,2026-03-31,missing_candidate,,万吨/年,,,,,,,,,,,cninfo_annual_report,http://static.cninfo.com.cn/finalpage/2026-03-31/1225056792.PDF,http://www.cninfo.com.cn/new/disclosure/detail?stockCode=600486&announcementId=1225056792&orgId=gssh0600486&announcementTime=2026-03-31,600486.SH_扬农化工_2026-03-31_1225056792_2025年年度报告.pdf,2025年年度报告,1225056792,,,,
601233.SH,桐昆股份,化纤,PTA,0.3,PTA,1,1.0,product_price,2025,2026-04-29,missing_candidate,,万吨/年,,,,,,,,,,,cninfo_annual_report,http://static.cninfo.com.cn/finalpage/2026-04-29/1225228955.PDF,http://www.cninfo.com.cn/new/disclosure/detail?stockCode=601233&announcementId=1225228955&orgId=9900019547&announcementTime=2026-04-29,601233.SH_桐昆股份_2026-04-29_1225228955_桐昆集团股份有限公司2025年年度报告.pdf,桐昆集团股份有限公司2025年年度报告,1225228955,,,,
601233.SH,桐昆股份,化纤,PX,0.2,PX,1,1.0,product_price,2025,2026-04-29,missing_candidate,,万吨/年,,,,,,,,,,,cninfo_annual_report,http://static.cninfo.com.cn/finalpage/2026-04-29/1225228955.PDF,http://www.cninfo.com.cn/new/disclosure/detail?stockCode=601233&announcementId=1225228955&orgId=9900019547&announcementTime=2026-04-29,601233.SH_桐昆股份_2026-04-29_1225228955_桐昆集团股份有限公司2025年年度报告.pdf,桐昆集团股份有限公司2025年年度报告,1225228955,,,,
601233.SH,桐昆股份,化纤,涤纶长丝,0.5,涤纶长丝,1,1.0,product_price,2025,2026-04-29,proposed_accept,1510.0,万吨/年,1510万吨/年,high,94.0,company_capacity,涤纶长丝,True,4.0,0.0,25.0,六大系列一千多个品种，覆盖了涤纶长丝产品的全系列，在行业中有“涤纶长丝企业中的沃尔玛”之称。截至报告期末，公司聚酯聚合产能约为1460万吨/年，涤纶长丝产能约为1510万吨/年，根据中国化纤协会数据，公司在国内市场聚酯涤纶长丝（包含POY、FDY以及DTY）市场份额占比超28%，国际市场占比超18%，是国内规模最大的涤纶长丝制造企业，,cninfo_annual_report,http://static.cninfo.com.cn/finalpage/2026-04-29/1225228955.PDF,http://www.cninfo.com.cn/new/disclosure/detail?stockCode=601233&announcementId=1225228955&orgId=9900019547&announcementTime=2026-04-29,601233.SH_桐昆股份_2026-04-29_1225228955_桐昆集团股份有限公司2025年年度报告.pdf,桐昆集团股份有限公司2025年年度报告,1225228955,,,,
603379.SH,三美股份,氟化工,R134a,0.3,R134a,1,1.0,product_price,2025,2026-04-28,proposed_accept,6.5,万吨/年,6.5万吨,high,100.0,company_capacity,HFC-134a,True,2.0,0.0,11.0,C-32/HFC-134a混合物）等，其中R410A、R407C主要用作家用及工商空调制冷剂，R404A主要用作工商低温制冷剂。公司目前拥有HFC-134a产能6.5万吨、HFC-125产能5.2万吨、HFC-32产能4万吨、HFC-143a产能1万吨，并以此为基础混配R410A、R404A、R407C、R507等混合制冷剂。H,cninfo_annual_report,http://static.cninfo.com.cn/finalpage/2026-04-28/1225200454.PDF,http://www.cninfo.com.cn/new/disclosure/detail?stockCode=603379&announcementId=1225200454&orgId=GD061916&announcementTime=2026-04-28,603379.SH_三美股份_2026-04-28_1225200454_浙江三美化工股份有限公司2025年年度报告.pdf,浙江三美化工股份有限公司2025年年度报告,1225200454,,,,
603379.SH,三美股份,氟化工,R32,0.4,R32,1,1.0,product_price,2025,2026-04-28,proposed_accept,4.0,万吨/年,4万吨,high,100.0,company_capacity,HFC-32,True,2.0,0.0,11.0,07C主要用作家用及工商空调制冷剂，R404A主要用作工商低温制冷剂。公司目前拥有HFC-134a产能6.5万吨、HFC-125产能5.2万吨、HFC-32产能4万吨、HFC-143a产能1万吨，并以此为基础混配R410A、R404A、R407C、R507等混合制冷剂。HFCs制冷剂是公司目前最主要的产品。②HCFCs（含氢,cninfo_annual_report,http://static.cninfo.com.cn/finalpage/2026-04-28/1225200454.PDF,http://www.cninfo.com.cn/new/disclosure/detail?stockCode=603379&announcementId=1225200454&orgId=GD061916&announcementTime=2026-04-28,603379.SH_三美股份_2026-04-28_1225200454_浙江三美化工股份有限公司2025年年度报告.pdf,浙江三美化工股份有限公司2025年年度报告,1225200454,,,,
603379.SH,三美股份,氟化工,氢氟酸,0.3,氢氟酸,1,1.0,product_price,2025,2026-04-28,missing_candidate,,万吨/年,,,,,,,,,,,cninfo_annual_report,http://static.cninfo.com.cn/finalpage/2026-04-28/1225200454.PDF,http://www.cninfo.com.cn/new/disclosure/detail?stockCode=603379&announcementId=1225200454&orgId=GD061916&announcementTime=2026-04-28,603379.SH_三美股份_2026-04-28_1225200454_浙江三美化工股份有限公司2025年年度报告.pdf,浙江三美化工股份有限公司2025年年度报告,1225200454,,,,
605020.SH,永和股份,氟化工,R125,0.3,R125,1,1.0,product_price,2025,2026-04-03,needs_review_non_company_capacity,0.88,万吨/年,8800吨,low,31.0,project_or_change_capacity,HFC-125,True,36.0,1.0,194.0,"183,695,107.95183,695,107.95包头永和2万吨/年HFC-125产能转移项目5,547,650.655,547,650.65金华永和年产8800吨含氟高性能材料（FEP、PTFE、PFA）39,701,238.0139,701,238.0180,291,474.1380,291,474.13技改项目会昌永",cninfo_annual_report,http://static.cninfo.com.cn/finalpage/2026-04-03/1225076790.PDF,http://www.cninfo.com.cn/new/disclosure/detail?stockCode=605020&announcementId=1225076790&orgId=9900041940&announcementTime=2026-04-03,605020.SH_永和股份_2026-04-03_1225076790_浙江永和制冷股份有限公司2025年年度报告.pdf,浙江永和制冷股份有限公司2025年年度报告,1225076790,,,,
605020.SH,永和股份,氟化工,R32,0.3,R32,1,1.0,product_price,2025,2026-04-03,missing_candidate,,万吨/年,,,,,,,,,,,cninfo_annual_report,http://static.cninfo.com.cn/finalpage/2026-04-03/1225076790.PDF,http://www.cninfo.com.cn/new/disclosure/detail?stockCode=605020&announcementId=1225076790&orgId=9900041940&announcementTime=2026-04-03,605020.SH_永和股份_2026-04-03_1225076790_浙江永和制冷股份有限公司2025年年度报告.pdf,浙江永和制冷股份有限公司2025年年度报告,1225076790,,,,
605020.SH,永和股份,氟化工,萤石,0.4,萤石,1,1.0,product_price,2025,2026-04-03,needs_review_non_company_capacity,485.27,万吨/年,485.27万吨,low,34.0,resource_reserve,萤石,False,8.0,0.0,19.0,已经探明萤石保有资源储量达到485.27万吨矿石量，为核心原料保障和产业链稳定运行奠定资源基础；在中游端，依托氢氟酸、甲烷氯化物等基础化学品的规模化生产，形成关键中间体配套能力；在下游端，持续向环保型氟碳,cninfo_annual_report,http://static.cninfo.com.cn/finalpage/2026-04-03/1225076790.PDF,http://www.cninfo.com.cn/new/disclosure/detail?stockCode=605020&announcementId=1225076790&orgId=9900041940&announcementTime=2026-04-03,605020.SH_永和股份_2026-04-03_1225076790_浙江永和制冷股份有限公司2025年年度报告.pdf,浙江永和制冷股份有限公司2025年年度报告,1225076790,,,,
