search_date,topic,query,rank,title,url,domain,snippet,driver_names,notes,search_url
2026-06-08,纯碱,纯碱 库存 周报 厂家库存 行业周报,1,"【华联观察】纯碱供应故事反复,近月受低库存支撑_产能_报告_期货",https://business.sohu.com/a/713774791_121123911,business.sohu.com,,纯碱;山东海化;远兴能源;三友化工,优先找纯碱厂家库存/社会库存,https://www.sogou.com/web?query=%E7%BA%AF%E7%A2%B1+%E5%BA%93%E5%AD%98+%E5%91%A8%E6%8A%A5+%E5%8E%82%E5%AE%B6%E5%BA%93%E5%AD%98+%E8%A1%8C%E4%B8%9A%E5%91%A8%E6%8A%A5
2026-06-08,纯碱,纯碱 库存 周报 厂家库存 行业周报,2,纯碱周刊：纯碱市场低位整理 库存高企压力延续（2024.10.24期）_项...,https://www.sohu.com/a/820111760_121719298,sohu.com,,纯碱;山东海化;远兴能源;三友化工,优先找纯碱厂家库存/社会库存,https://www.sogou.com/web?query=%E7%BA%AF%E7%A2%B1+%E5%BA%93%E5%AD%98+%E5%91%A8%E6%8A%A5+%E5%8E%82%E5%AE%B6%E5%BA%93%E5%AD%98+%E8%A1%8C%E4%B8%9A%E5%91%A8%E6%8A%A5
2026-06-08,纯碱,纯碱 库存 周报 厂家库存 行业周报,3,纯碱市场窄幅震荡 市场货源供应有所偏紧(7.13纯碱周评..._厂家_多多,https://www.sohu.com/a/700773638_121719298,sohu.com,,纯碱;山东海化;远兴能源;三友化工,优先找纯碱厂家库存/社会库存,https://www.sogou.com/web?query=%E7%BA%AF%E7%A2%B1+%E5%BA%93%E5%AD%98+%E5%91%A8%E6%8A%A5+%E5%8E%82%E5%AE%B6%E5%BA%93%E5%AD%98+%E8%A1%8C%E4%B8%9A%E5%91%A8%E6%8A%A5
2026-06-08,纯碱,纯碱 库存 周报 厂家库存 行业周报,4,本周国内纯碱市场运行情况_企业_库存_周内,https://www.sohu.com/a/651216758_776075,sohu.com,,纯碱;山东海化;远兴能源;三友化工,优先找纯碱厂家库存/社会库存,https://www.sogou.com/web?query=%E7%BA%AF%E7%A2%B1+%E5%BA%93%E5%AD%98+%E5%91%A8%E6%8A%A5+%E5%8E%82%E5%AE%B6%E5%BA%93%E5%AD%98+%E8%A1%8C%E4%B8%9A%E5%91%A8%E6%8A%A5
2026-06-08,纯碱,纯碱 库存 周报 厂家库存 行业周报,5,[库存]:中国纯碱生产企业库存周数据统计(20250227)_我的钢铁网,https://www.mysteel.com/oilchem/a/25022709/EC170BD2464EDCE5.html,mysteel.com,,纯碱;山东海化;远兴能源;三友化工,优先找纯碱厂家库存/社会库存,https://www.sogou.com/web?query=%E7%BA%AF%E7%A2%B1+%E5%BA%93%E5%AD%98+%E5%91%A8%E6%8A%A5+%E5%8E%82%E5%AE%B6%E5%BA%93%E5%AD%98+%E8%A1%8C%E4%B8%9A%E5%91%A8%E6%8A%A5
2026-06-08,尿素,尿素 库存 周报 企业库存 港口库存 行业周报,1,"尿素周报：需求强预期兑现阶段,盘面表现坚挺|尿素_新浪财经_新浪网",https://finance.sina.com.cn/money/future/fmnews/2024-02-20/doc-inaiqnmh5227691.shtml,finance.sina.com.cn,,尿素;华鲁恒升;云天化;湖北宜化,优先找企业库存,https://www.sogou.com/web?query=%E5%B0%BF%E7%B4%A0+%E5%BA%93%E5%AD%98+%E5%91%A8%E6%8A%A5+%E4%BC%81%E4%B8%9A%E5%BA%93%E5%AD%98+%E6%B8%AF%E5%8F%A3%E5%BA%93%E5%AD%98+%E8%A1%8C%E4%B8%9A%E5%91%A8%E6%8A%A5
2026-06-08,尿素,尿素 库存 周报 企业库存 港口库存 行业周报,2,尿素周刊:企业库存持续高位 周内行情僵持整理(20241101期)_市...,https://www.sohu.com/a/822882407_121721148,sohu.com,,尿素;华鲁恒升;云天化;湖北宜化,优先找企业库存,https://www.sogou.com/web?query=%E5%B0%BF%E7%B4%A0+%E5%BA%93%E5%AD%98+%E5%91%A8%E6%8A%A5+%E4%BC%81%E4%B8%9A%E5%BA%93%E5%AD%98+%E6%B8%AF%E5%8F%A3%E5%BA%93%E5%AD%98+%E8%A1%8C%E4%B8%9A%E5%91%A8%E6%8A%A5
2026-06-08,尿素,尿素 库存 周报 企业库存 港口库存 行业周报,3,尿素周刊:春耕前夕市场现‘冰火两重天’:供紧推涨遇阻 高价抑制需...,https://www.sohu.com/a/862138325_121721148,sohu.com,,尿素;华鲁恒升;云天化;湖北宜化,优先找企业库存,https://www.sogou.com/web?query=%E5%B0%BF%E7%B4%A0+%E5%BA%93%E5%AD%98+%E5%91%A8%E6%8A%A5+%E4%BC%81%E4%B8%9A%E5%BA%93%E5%AD%98+%E6%B8%AF%E5%8F%A3%E5%BA%93%E5%AD%98+%E8%A1%8C%E4%B8%9A%E5%91%A8%E6%8A%A5
2026-06-08,尿素,尿素 库存 周报 企业库存 港口库存 行业周报,4,尿素周刊:终端需求表现偏弱尿素价格跌势难改(第20230331期),http://mp.weixin.qq.com/s?src=11&timestamp=1780909515&ver=6770&signature=UlYn2PX3yF34B8*NAJFYd3w9GLozqnWdBLQ-STAeL5Pa4sSnAa2RmdDPHdUuAJUTx2jU4quWBZ*1Zi0WJUrB-abX-eAXUyjTmIQL58DyLT09bNRKSD0mWl8KRNccpYCz&new=1,mp.weixin.qq.com,,尿素;华鲁恒升;云天化;湖北宜化,优先找企业库存,https://www.sogou.com/web?query=%E5%B0%BF%E7%B4%A0+%E5%BA%93%E5%AD%98+%E5%91%A8%E6%8A%A5+%E4%BC%81%E4%B8%9A%E5%BA%93%E5%AD%98+%E6%B8%AF%E5%8F%A3%E5%BA%93%E5%AD%98+%E8%A1%8C%E4%B8%9A%E5%91%A8%E6%8A%A5
2026-06-08,尿素,尿素 库存 周报 企业库存 港口库存 行业周报,5,[库存]:中国尿素企业库存周数据统计(20250102)_我的钢铁网,https://www.mysteel.com/oilchem/a/25041021/E77CBBFB7D22F5FE.html,mysteel.com,,尿素;华鲁恒升;云天化;湖北宜化,优先找企业库存,https://www.sogou.com/web?query=%E5%B0%BF%E7%B4%A0+%E5%BA%93%E5%AD%98+%E5%91%A8%E6%8A%A5+%E4%BC%81%E4%B8%9A%E5%BA%93%E5%AD%98+%E6%B8%AF%E5%8F%A3%E5%BA%93%E5%AD%98+%E8%A1%8C%E4%B8%9A%E5%91%A8%E6%8A%A5
